Number,Created At,Type,Elapsed Time,Status,Text,Tags,Entered Time
240,9/19/21 18:17,Stopwatch,7:33:04,Completed,h2s paper reviews,,0:00:00
239,9/18/21 16:38,Stopwatch,0:55:10,Completed,cdiff rnaseq,,0:00:00
238,9/17/21 21:04,Stopwatch,0:55:18,Completed,h2s paper reviews,,0:00:00
237,9/17/21 21:03,Stopwatch,0:00:03,Completed,housekeeping,,0:00:00
236,9/17/21 19:32,Stopwatch,0:11:58,Incomplete,housekeeping,,0:00:00
235,9/17/21 17:06,Stopwatch,0:14:33,Completed,job search,,0:00:00
234,9/17/21 14:20,Stopwatch,4:31:12,Completed,cdiff rnaseq,,0:00:00
233,9/17/21 14:07,Stopwatch,0:12:36,Completed,housekeeping,,0:00:00
232,9/16/21 18:44,Stopwatch,1:21:44,Completed,job search,,0:00:00
231,9/16/21 17:33,Stopwatch,0:40:56,Completed,mentoring,,0:00:00
230,9/16/21 17:10,Stopwatch,0:10:37,Completed,mentoring,,0:00:00
229,9/16/21 14:27,Stopwatch,5:48:21,Completed,cdiff rnaseq,,0:00:00
228,9/16/21 14:08,Stopwatch,0:18:46,Completed,housekeeping,,0:00:00
226,9/15/21 23:11,Stopwatch,0:46:14,Completed,blog,,0:00:00
225,9/15/21 17:57,Stopwatch,2:45:16,Completed,TA,,0:00:00
224,9/15/21 17:33,Stopwatch,0:18:58,Completed,TA,,0:00:00
223,9/15/21 15:04,Stopwatch,1:14:56,Completed,meeting,,0:00:00
222,9/15/21 13:47,Stopwatch,0:21:51,Completed,job search,,0:00:00
221,9/15/21 13:43,Stopwatch,0:04:01,Completed,housekeeping,,0:00:00
220,9/15/21 13:41,Stopwatch,1:04:04,Completed,cdiff rnaseq,,0:00:00
219,9/14/21 20:00,Stopwatch,0:51:43,Completed,blog,,0:00:00
218,9/14/21 17:38,Stopwatch,1:50:38,Completed,cdiff rnaseq,,0:00:00
217,9/14/21 14:53,Stopwatch,0:05:29,Completed,job search,,0:00:00
216,9/14/21 14:29,Stopwatch,0:36:55,Completed,mentoring,,0:00:00
215,9/14/21 14:25,Stopwatch,0:20:12,Completed,housekeeping,,0:00:00
214,9/14/21 13:52,Stopwatch,0:31:49,Completed,h2s paper reviews,,0:00:00
213,9/14/21 13:33,Stopwatch,1:40:31,Completed,literature review,,0:00:00
212,9/14/21 13:31,Stopwatch,0:15:00,Completed,TA,,0:00:00
211,9/14/21 13:30,Stopwatch,0:15:00,Completed,housekeeping,,0:00:00
210,9/13/21 18:45,Stopwatch,0:48:07,Completed,job search,,0:00:00
209,9/13/21 17:16,Stopwatch,0:27:06,Completed,job search,,0:00:00
208,9/13/21 15:40,Stopwatch,0:20:00,Completed,housekeeping,,0:00:00
207,9/13/21 13:48,Stopwatch,2:30:22,Completed,literature review,,0:00:00